,0
0,three broke within two month use
1,really find funny
2,blue ant easy use
3,definitely worth checking
4,ive bought wired headphone sound better
5,great place eat
6,directing cinematography arent quite good
7,wa impressed product
8,dont know place managed served blandest food ever eaten preparing indian cuisine
9,definitely wa good
10,echo problemvery unsatisfactory
11,however seeing short year wa amazed timeless film actually
12,mark word one cult film like evil dead phantasm people still discovering falling love year line
13,point finger item menu order wont disappointed
14,long lasting battery dont recharge frequentyly flip phone
15,really good product
16,best breakfast buffet
17,good side staff wa genuinely pleasant enthusiastic real treat
18,sound quality good functionality awesome
19,let girlfriend talk seeing bad idea hated
20,disgrace
21,one better buffet
22,place good
23,awful
24,several moment movie didnt need excruciatingly slow moving
25,hell go back
26,self proclaimed coffee cafe wa wildly disappointed
27,maybe werent cold would somewhat edible
28,still like movie empowerment woman enough movie like one
29,good audio quality
30,nice docking station home work
31,redeeming quality restaurant wa wa inexpensive
32,hadnt wasted enough life poured salt wound drawing time took bring check
33,year old nokia tracfone hold charge lot better
34,great double cheeseburger
35,place pretty good nice little vibe restaurant
36,nice design quality
37,worst customer service ever
38,really easy
39,almost song cover girl oldfashioned tuneful
40,go store bought new nokia phone working great
41,show made american stupid full hatred clich admitted elsewhere
42,blueant supertooth handsfree phone speaker awesome
43,said abovepretty useless
44,reaching bottom row uncomfortable send end key expect
45,trying many many handsfree gadget one finally work well
46,ambiance isnt much better
47,director neil labute us brutal violence seperate dream reality along touching drama hilarious comedy never tell going happen next
48,make mistake
49,movie suffered writing needed suspense
50,absolutley fantastic
51,looking movie terrific cast good music including shirley jones rendition way look tonight uplifting ending give one try
52,wind lion see wonderful rendering america imperial age
53,definitely turn doubt ill back unless someone else buying
54,pda rock
55,thumb
56,awesome
57,never bland food surprised considering article read focused much spice flavor
58,however finally watching film realized closed mind brilliance depicts also found watching
59,exchanged phone even problem
60,hate earbugs avoid phone mean
61,easy use
62,acting alongside olivia de havilland wa brilliant ending wa fantastic
63,got car charger even week charger wa brokeni went plug started smoking
64,wa impressed going original battery extended battery
65,pizza tasted old super chewy good way
66,phone sturdy waterproof
67,great place couple drink watch sporting event wall covered tv
68,seller shipped quickly much cheaper competitor
69,sending back
70,movie join revenge boogeyman zombiez part hellish trinity horror film
71,first bathroom location dirty seat cover replenished plain yucky
72,damn good steak
73,bad food damn generic
74,anyway plot flowed smoothly malebonding scene hoot
75,believe actor agreed film
76,hear garbage audio
77,service wa excellent price pretty reasonable considering vega located inside crystal shopping mall aria
78,movie make lot serious mistake
79,sound quality end excellent use headset call wife ask wife use headset call
80,place horrible way overpriced
81,anyway think go back
82,immediately said wanted talk manager want talk guy wa shot fireball behind bar
83,cant relate hell barely understand
84,charging overnight battery work great
85,took wa one drop inch kitchen counter wa crackedi impressed laughing
86,disappointed accessoryone
87,find better movie youtube
88,bought hoping could make bluetooth headset fit better thing made impossible wear
89,drain
90,ordered motorola data cable got well finished working product
91,hate movie like
92,wa quite comfortable ear
93,really like product motorola allot clearer ear piece mic
94,im happy purchase good quality low price
95,phone got year old slowly breaking despite much care part
96,wonderful inspiring watch hope get released video dvd
97,soyo technology suck
98,horrible phone
99,food came good pace
100,nobody identifies character theyre cardboard cutout stereotype predictably reversestereotypes
101,point journey journey touch every member family
102,two main character may two believable child ever saw put screen
103,dont waste money
104,poor voice clarity
105,food wa average
106,ha good plot hold complete attention acting superb tom wilkinson wa fantastic emily watson wa also good
107,present idyllic yet serious portrayal ups character life
108,place worth time let alone vega
109,highly recommended
110,seriously flavorful delight folk
111,waited forty five minute vain
112,rate movie
113,delivery wa time
114,see film
115,poor quality service
116,spend money elsewhere
117,couldnt take seriously
118,work hospitality industry paradise valley refrained recommending cibo longer
119,fan genre heaven
120,ive better atmosphere
121,seriously good pizza im expert connisseur topic
122,putting race card aside let look major flaw film destroy latifas character
123,movie wa kind long length enjoyed every minute
124,lighting dark enough set mood
125,motorola finally got voice quality bluetooth headset right
126,ring toneoverall good phone buy
127,commercial misleading
128,whatever producer wa going missed entirely
129,iam pleased purchase
130,im az time new spot
131,bartender wa also nice
132,regardless film fails level
133,excellent performance
134,angus scrimm also turn good performance somewhat brief memorable role gently menacing violinplaying anatomist doctor quinn
135,original body soul masterpiece
136,ive never insulted felt disrespected
137,love pho spring roll oh yummy try
138,dining space tiny elegantly decorated comfortable
139,dont waste money time
140,good commentary today love undoubtedly film worth seeing
141,movie excellentangel beautiful scamp adorablehis little yelp scaredand funniest part whenscamp caught curtain angel scamp singing ive never feeling beforei totally recommend movieits coming special edition june cover ha scamp garbage angel underneath lid
142,artless camerawork endlessly present u ugliest setting imaginable ie
143,chipolte ranch dipping sause wa tasteless seemed thin watered heat
144,delicious absolutely back
145,hayao miyazakis latest eighth film studio ghibili gake ue ponyo ponyo cliff sea wonderfully fun imaginative look childhood
146,service stink
147,hard make decent hamburger
148,someone shouldve invented sooner
149,saggy floppy piece junk
150,love able use one headset landline cell
151,quit working id used month purchased another one best headset ive ever owned
152,watched price inflate portion get smaller management attitude grow rapidly
153,big disappointment calendar sync
154,updatewent back second time wa still amazing
155,guess wa supposed clever twist shed light situation wa stupid
156,nano stated itmy son wa dissapointed
157,best luck rude noncustomer service focused new management
158,worked great
159,comfortable nice range good battery life
160,people like european film art movie like movie
161,enjoyment get see run around play game dangerous
162,give try happy
163,tragedy struck
164,paid much
165,forgot casting superb trond fausa aurv g perfect role bothersome man doesnt understand
166,defeat purpose bluetooth headset
167,description said yum yum sauce another said eel sauce yet another said spicy mayowell none roll sauce
168,even love bad movie watch movie
169,hawaiian breeze mango magic pineapple delight smoothy ive tried far theyre good
170,still waiting im sure item would work well ever recieve
171,level spicy wa perfect spice didnt overwhelm soup
172,best phone market
173,masterful piece filmmaking many theme simmering occasionally boiling wart study poet bohemian selfindulgent wartime year span aerial bombardment london outward tranquillity welsh coastal retreat borderline friendship lust love dedication art experience versus practical concern jealousy rivalry cowardice egotism versus heroism selfsacrifice
174,guess maybe went night wa disgraceful
175,want money back
176,would avoid place staying mirage
177,script big flawed mess
178,problem others mentioned
179,headset easy use everyone love
180,horrible dont waste time money
181,youll love movie bad bad film way long definitely one bad one movie received wa great quality film age john wayne incredible job young movie industry screen presence shined thought even though senior actor screen think must see older john wayne film really dont see anyone could enjoy movie dont think ive ever seen movie half boring selfindulgent piece junk probably would better director hadnt spent movie showcasing art work really isnt noteworthy another thing didnt really like character got punched face gallon blood would spew forth soon jamie foxx absolutely ray charles performance simply genius owns film spacek owned coal miner daughter quaid owned great ball fire
182,headphone great find think perhaps best purchase ive made last several year seriously
183,still maintain monkey shouldnt make headphone obviously dont share enough dna copy design human
184,insult one intelligence huge waste money
185,ha northern humour positive community represents
186,ill definitely soon
187,liked
188,success film depends casting sydney greenstreet alexander yardley character
189,yellowtail carpaccio wa melt mouth fresh
190,would recommend purchasing jabra jx series work flawlessly moto q go figure
191,rude inconsiderate management
192,wa drive get
193,selection menu wa great price
194,hard judge whether side good grossed melted styrofoam didnt want eat fear getting sick
195,joy use
196,real plot
197,pleased headset
198,reception headset excellent
199,agree jessica movie pretty bad
200,short wa monumental waste time energy would recommend anyone ever see film
201,frozen margarita way sugary taste
202,classic maine lobster roll wa fantastic
203,top line dont waste time money one bad come
204,fantastic service pleased atmosphere
205,chip came dripping grease mostly edible
206,everything worked first trythe device wa certainly engineered clever way construction feel good
207,great charger
208,cinematography noteworthy including fine view barcelona famed gaudi tower
209,bought two neither charge
210,colleague get great receptiona little expensive performance great
211,chow mein good
212,really pleased product far
213,biggest complaint battery drain superfast
214,really hope team behind movie make movie continue kinda weird style
215,steer clear product go genuine palm replacementr pen come threepack
216,place ha lot promise fails deliver
217,place honestly blown
218,outstanding little restaurant best food ever tasted
219,really liked
220,good product well made
221,real killer volume course breaking
222,good lunch spot
223,wa awesome movie bought ebay
224,buy different phone
225,hand best phone ive ever
226,soggy good
227,dont think ill running back carlys anytime soon food
228,price think place would much rather gone
229,recently tried caballeros back every week since
230,button small
231,nice spicy tender
232,add betty white jean smart great cast everyone played part really well
233,phone working fine
234,place wa clean food oh stale
235,doe charge cingular att phone
236,poor talk time performance
237,recently problem could stay connected minute disconnected
238,minute wait got table
239,reader already seen one miyazakis film still top form made another worthwhile experience
240,service wa outshining definitely recommend halibut
241,always evening wa wonderful food delicious
242,song could explain emotion subject better jay adam unfortunate life wa subject talk song old man neil young wa played evokes many emotion
243,beautiful styling though
244,battery completely useless
245,warning buy
246,give wirefly stari contact cingular inform practice
247,star
248,swung give try wa deeply disappointed
249,set especially designed work camera amazingstylized beautiful effective
250,fun chef
251,excellent product satisfied purchase
252,dont waste money
253,dont yet hear mickey speak ton sound effect music throughout filmsomething take granted wa huge crowd pleaser
254,two bite refused eat anymore
255,look nice
256,also taste mom multigrain pumpkin pancake pecan butter amazing fluffy delicious
257,headset work peachykeen
258,average phone bad battery life operates weak network
259,also take picture case lense covered
260,doe maintain connection computer lap
261,hour seriously
262,sauce wa tasteless
263,worst one series
264,story unbelievable actor
265,service thought wa good
266,found product easy set use
267,overall film interesting thoughtprovoking
268,cant beat
269,drink took close minute come one point
270,otherwise dont even waste time
271,central theme film handled ineptly stereotypically depth imagination
272,fantastic buy get whatever next phone
273,drink weak people
274,phone sounded ok great ok wife phone wa almost totally unintelligible couldnt understand word said
275,wont regret
276,pleather case doesnt fit
277,really want make experience good one
278,film highlight fundamental flaw legal process discovering guilt innocence rather present better court
279,always pleasure dealing
280,battery life highly unacceptable
281,wont try going back even empty
282,mistake wa
283,useless phone simply deaf
284,interplay martin emilio contains wonderful chemistry saw wall street martin charlie
285,bacon hella salty
286,like loud buzzing override conversation phone
287,never going back
288,wife lobster bisque soup wa lukewarm
289,cant wait go back
290,doe everything
291,want healthy authentic ethic food try place
292,aerial scene welldone
293,left frustrated
294,great disappointment
295,real improvement
296,boyfriend came first time recent trip vega could pleased quality food service
297,plus wa wellpaced suited relatively short run time
298,despite pan reviewer liked movie
299,got food apparently never heard salt batter fish wa chewy
300,drive barking mad
301,trouble volume
302,work great
303,wa much hype phone assumed wa best mistake
304,tried go lunch wa madhouse
305,leave theater wanting go dance star
306,classy warm atmosphere fun fresh appetizer succulent steak baseball steak
307,thus far visited twice food wa absolutely delicious time
308,like design look jabra behing ear headset pretty comfortible wear hour day without pain ear
309,battery ha life
310,wa left shattered experience watching film took good two hour fully recover
311,place lacked style
312,widmark character turn unintentionally comical
313,one want surf small wave space movie deep impact armageddon one fails everywhere
314,everything product wrongfirst
315,text messaging feature really tricky use
316,one thing hate mode set button side
317,disappointed ordered big bay plater
318,death row scene entirely unmoving
319,thing four kid get absolutely hilarious watch
320,place first pho wa amazing
321,best service food ever maria server wa good friendly made day
322,love ending perfect youll shed tear thrilled seeing movie like never forget cult cult classic ha depth character man underneath malta setting dry barren dialogue movie terrible hockey scene terrible defensemen playing like theyre year old goalie diving shot foot wide net etc havent seen dont waste time call movie drama ridiculous started watching didnt believe character particular relationship bakery assistant waitress didnt work wa superficial movie gave feeling wa watching play rather film character stagey storyline wa lot like stage farce time pyromaniac waylaid assistant wa bored didnt care happened next switched glad didnt pay see didnt laugh even smile wasnt anything one big yawn really good show watch educational child year old barney definitely super de duper pretty funny babie bop cute kid cool storm trooper even bad enough make list wonderfully terrible movie
323,movie definitely average rent
324,excellent restaurant highlighted great service unique menu beautiful setting
325,freeze frequently
326,really loved story line poler bear wa kinda cutebut anyone ha question fort steele ask away
327,beware
328,one place phoenix would definately go back
329,total package
330,plus buck
331,love fry bean
332,avoid cost
333,management rude
334,staff friendly wait time served horrible one even say hi first minute
335,came free dvd player bought still turned thing halfway wa embarrassed howell
336,positive note server wa attentive provided great service
337,camera phone may used dustpan indoors id rather using disposable
338,vegetable fresh sauce feel like authentic thai
339,even squib look awful
340,wa way fried
341,miss wish one philadelphia
342,every single character wa hilarious deserved called lead
343,one disappointing aspect lack notable gore
344,place like chipotle better
345,wont say dont like spoiler dont want one believe film worth time
346,wasted two hour
347,script bad bad contains cheesiness unethical joke normally see rated r nc movie
348,wonton thin thick chewy almost melt mouth
349,received pita wa huge lot meat thumb
350,goldencrispy delicious
351,zillion time away reality
352,get job done
353,hilarious yummy christmas eve dinner remember wa biggest fail entire trip u
354,wa hoping
355,asked multiple time wine list time ignored went hostess got one
356,much disappointed company
357,none three size sent headset would stay ear
358,movie good humorous comment life
359,place wa nice surprise
360,dont go
361,time side restaurant wa almost empty wa excuse
362,went tigerlilly fantastic afternoon
363,food quality ha horrible
364,cant explain movie romanticcharminghilariousand adorablethe junkyard scene funnyall junkyard dog something specialtoo funny laughedkids love itbuy come outit ha new feature
365,european movie nice throwback time student experience living abroad interacting nationality although circumstance slightly different
366,great phone
367,however keypad tinny sometimes reach wrong button
368,plugged find darn thing worked
369,disappointed battery
370,first time might last
371,tom wilkinson broke heart end everyone el judging amount fumbling hanky hand going face among male female alike
372,food tasty say real traditional hunan style
373,blew
374,razr battery good buy
375,constantine give everything right intensity seems good understanding underlying psychological motivation
376,right mind gon na buy battery
377,pleased know modern day genius letting passion art drive taking u audience
378,downside service
379,house wa getting dropped coverage upstairs coverage basement
380,piece crap
381,wa like final blow
382,kid play area nasty
383,place wa fairly clean food simply wasnt worth
384,sooooo good
385,result phone either stuck max volume mute
386,enough volume
387,block wa amazing
388,punishment park brilliant piece cinema
389,john garfield ann revere lilli plmer william conrad canada leeand filmed one greatest cinematographer ever grace screenjames wong howe
390,opportunity today sample amazing pizza
391,took hour get food table restaurant food wa luke warm sever wa running around like wa totally overwhelmed
392,story beyond stupid
393,fried rice wa dry well
394,absolutely great
395,server suck wait correction server heimer sucked
396,food rich order accordingly
397,phone pretty sturdy ive never large problem
398,couldnt ask satisfying meal
399,bought mainly charger broke soon purchasing
400,keep getting better better third one ive numerous palm
401,killer dont expect anything original even remotely frightening
402,service wa prompt
403,low quality
404,still wild stuff though highly recommended fan giallo cinema
405,instant classic great soundtrack catchy song ending credit
406,always great time gringo
407,hear im driving car usually dont even put loudest setting
408,restaurant atmosphere wa exquisite
409,could recommend
410,lastly mozzarella stick best thing ordered
411,table service wa pretty fast
412,chosen tortured disgusting piece blatant american propaganda
413,love ringtones upbeat
414,excellent
415,finally get ending wouldve great handled competent people jerry falwell
416,none engaging exciting
417,service wa super friendly
418,continue come lady night andddd date night highly recommend place anyone area
419,service wa meh
420,film ha ultracheap look
421,director paul matthew also wrote directed weak monster movie grim clearly doesnt know pace film
422,rest movie lack art charm meaning emptiness work guess empty
423,service wa fantastic
424,phone fall easily
425,great steak great side great wine amazing dessert
426,check voice mail night keypad backlight turn second first message im lost
427,wa quite disappointed although blame need placed door
428,price wa good free shipping wa good purchase
429,kind hard mess steak
430,excellently produced one scifis best producer scot vandiver
431,omit watching
432,bad quality
433,would go back
434,italian reviewer called small great film thats right
435,ive trouble accessing internet downloading ringtones performing function
436,great brunch spot
437,phone crashed completely get replaced
438,han nan chicken wa also tasty
439,ive missed numerous call reason
440,originality freshness first movie spent remake little else offer
441,probably hurry go back
442,kept catching cable seat pull phone turn
443,came verizon cingulair ha nicer cell phone first thing noticed wa really bad service
444,good though
445,wind lion well written superbly acted
446,good thing wa waiter wa helpful kept bloddy mary coming
447,live music friday totally blow
448,loudspeaker option great bumper light appealing
449,glad found place
450,dont think disappointed
451,convenient simple use get job done make car ride much smoother
452,cable look thin flimsy scary
453,product cover important light sensor ear outlet
454,may say buffet pricey think get pay place getting quite lot
455,design good
456,one best bar food vega
457,dessert panna cotta wa amazing
458,two seperated mere ft started notice excessive static garbled sound headset
459,place quality sushi quality restaurant
460,worse humiliated worker right front mebunch horrible name calling
461,guess known place would suck inside excalibur didnt use common sense
462,brilliant
463,im impressed concept food
464,host staff lack better word bitch
465,love death decay shakespears lyric one
466,would recommend item anyone
467,wa boring
468,worst piece crap ever along verizon customer service
469,stupid
470,conclusion filling meal
471,friend like bloody mary
472,greedy corporation never see another dime
473,movie ha almost action scene little comedy
474,good battery got really fast
475,full unconvincing cardboard character blandly written edward chodorov also produced surprisingly directed jean negulesco one would expect great deal
476,id love go back
477,work great
478,comfortable wear well probably important aspect using case
479,jalapeno bacon soooo good
480,yeah movie pretty much sucked
481,terrible phone holder
482,pretty good beer selection
483,definitly recommend
484,doe fit
485,contacted company told although unit wa still warranty couldnt produce receipt wa luck
486,friend pasta also bad barely touched
487,im sure long stood wa long enough begin feel awkwardly place
488,tom wilkinson character man prepared ordeal begin take matter hand story progress great actor give performance make feel character anguish suffering
489,acting wa decidely wooden though worse period universal b movie
490,cast always entertaining usual
491,waiter wa attentive friendly informative
492,simple use like
493,tmobile ha best customer service anywhere
494,wa pleased see could replace well travled swivel holster blackberry flip
495,thought errol flynn wa brilliant custer ha since become favourite actor
496,nice blanket moz top feel like wa done cover subpar food
497,utterly without merit level akin torture
498,avoid cost
499,worst service boot least worry
500,place deserves one star ha food
501,open battery connection broken device turned
502,purchased family friend enjoy clarity ease use
503,still wa set got big oyvey scale
504,rocked world certainly must see anyone social physical outlet
505,great phone
506,check
507,could take video time quality wa poor
508,wife hated meal coconut shrimp friend really enjoy meal either
509,story line totally predictable
510,third cheese friend burger wa cold
511,ground right next table wa large smeared beensteppedinandtrackedeverywhere pile green bird poop
512,weekly haunt definitely place come back every
513,product useless since doe enough charging current charge cellphone wa planning use
514,possible movie get worse
515,steamboat willie amazingly important film cinema history
516,worst thai ever
517,potato chip order wa sad could probably count many chip box wa probably around
518,great jawbone
519,feel dining room wa college cooking course high class dining service wa slow best
520,bar cell phone home cant hear anything
521,sure order dessert even need pack togo tiramisu cannoli die
522,raw sublimely moving
523,gave trying eat crust teeth still sore
524,cool phone
525,coming like experiencing underwhelming relationship party cant wait person ask break
526,impressed headset plantronics
527,headset fulfills requirement happy purchase
528,editing editing film wa phenomenal opinion
529,leather nice soft fit tight cut face good shape
530,first time ever came amazing experience still tell people awesome duck wa
531,gave star sound quality
532,never ever go back
533,youll love thin
534,everything movie stupid
535,favorite place town shawarrrrrrma
536,mention combination pear almond bacon big winner
537,service wa extremely slow
538,generally lacked imagination
539,deserves star
540,month screen went black sudden
541,bluetooth doe work phone lock screen flash make call randomly pocket locked
542,one favorite purchase ever
543,definitely would eat
544,wa absolutely amazing
545,dont waste time watching rubbish nonresearched film
546,also make easier hold
547,horrible horrible protector
548,several different minute call experienced drop wa area bar
549,movie littered overt racial slur towards black cast member return white depicted moron boob
550,unfortunately virtue film production work wa lost regrettable script
551,infuriating
552,wa also right balance war love
553,father ha v battery dying
554,feelgood film thats felt came cinema
555,cocktail handmade delicious
556,loved bacon wrapped date
557,doe get better reception clarity phone ive
558,earpiece large heavyit keep falling ear
559,know gave
560,ive never treated bad
561,cool case open allowing screen get scratched
562,movie seemed little slow first
563,movie doe excellent job revealing complexity task incredible challenge facing south africa
564,everyone treated equally special
565,ill drivng along headset start ringing reason
566,came running u realized husband left sunglass table
567,customize order way youd like usual eggplant green bean stir fry love
568,food wa good
569,back many time soon
570,good cinematography also make monica bellucci look beautiful
571,overall like place lot
572,ive better dedicated boba tea spot even jenni pho
573,talk useless customer service
574,highly unrecommended
575,go see movie bring pillow girlfriend boyfriend keep occupied
576,purchase phone
577,im bit disappointed
578,buy want use holster
579,tough short flavor
580,small sleek impressive looking practical setup ample storage place
581,never got
582,really awful
583,battery life still long enough motorola razor v
584,call drop phone come screen go black worst stop ringing intermittently
585,pair headphone worst ever soundwise
586,couldnt figure
587,mean terrible way
588,heard good thing place exceeding every hope could dreamed
589,wa way expensive
590,plan use car forget
591,excellent film
592,awsome device work great
593,bar vega ever recall charged tap water
594,good service clean inexpensive boot
595,experience wa terrible wa fourth bluetooth headset wa much comfortable last jabra hated
596,also best cheese crisp town
597,one big drawback mp player button phone front cover let pause skip song lock second
598,casting also horrible cause see really really bad actor period
599,budget wa evidently limited
600,overall rate movie scale
601,place overpriced consistent boba really overpriced
602,earlier review noted plug charger nothing happens
603,phone get bought say wow
604,spicy enough perfect actually
605,getting angry want damn pho
606,product wa excellent work better verizon one boy wa cheaper
607,uncomfortable ear dont use lg vx env
608,much seafood like string pasta bottom
609,portion wa huge
610,ive better bagel grocery store
611,really vega fine dining used right menu handed lady price listed
612,always used corded headset freedom wireless helpful
613,cast veteran actor nostalgia trip
614,nearly good looking amazon picture make look
615,menu always changing food quality going service extremely slow
616,placed treo case wa snug wa lot extra room side
617,still bad actress repeating robotic face move picture
618,dont know exactly movie latched endearing movie ha become special part family memory
619,horrible attitude towards customer talk one customer dont enjoy food
620,come back every time im vega
621,need two hand operate screenthis software interface decade old compete new software design
622,movie showed lot florida best made look appealing
623,case best part download picture laptop using ir even send picture laptop phone
624,nutshell restaraunt smell like combination dirty fish market sewer
625,wa reflected cast also belowpar script borrowed much earlier classic
626,happy
627,piece trash wa ever released beyond acting story character supposedly special effect etcits wrong
628,sort pap screened afternoon punish unemployed job
629,great case price
630,funny
631,phone load super
632,bottowm lineanother worthless cheap gimmick sprint
633,unfortunately wa good
634,price reasonable flavor spot sauce home made slaw drenched mayo
635,put latest v g like slow crawl lock every
636,pancake wa also really good pretty large
637,vivian schilling excellent job script
638,work like charm work advertised
639,camera although rated impressive megapixels render image fall well expectation relatively high resolution
640,like fact rest lightly ear rather inside
641,mostly routine factbased tv drama get boost fine performance cole
642,see probably leave shelf
643,get inside youll impressed place
644,initially local site film wa filmed buffalo intrigued
645,problem ear loop made weak material break easily
646,waited waited waited
647,duris ha wholesome appearance give fine performance
648,great time family dinner sunday night
649,waited hour wa breakfast could done time better home
650,click place way make wonder long mechanism would last
651,wa seated immediately
652,acting help writing along well maybe idiotsavant sister could played better real joy watch
653,predictable bad watch
654,story line awful
655,first time going think quickly become regular
656,entertaining nonetheless
657,however wa much garlic fondue wa barely edible
658,vomited bathroom mid lunch
659,doe fit palm tungsten e broke first time tried plug
660,food delicious spicy enough sure ask spicier prefer way
661,easy watch
662,truly unbelievably good glad went back
663,god never get minute back
664,wa different cut piece day still wonderful tender well well flavored
665,guy said better dialogue potted plant ha right
666,ill even say torture
667,wa probably dirt
668,bought battery coupon amazon im happy purchase
669,lighting awful
670,charger worked week completely stopped charging phone
671,overall wa disappointed quality food bouchon
672,good phone
673,red curry much bamboo shoot wasnt tasty
674,seriously solid breakfast
675,comfortable ear
676,husband said wa rude even apologize bad food anything
677,really recommend faceplate since look nice elegant cool
678,almost unbearable watch screen ha little charisma terrible comedic timing
679,pretty cool would say
680,tried cable computer ipod work fine
681,love look feel samsung flipphones
682,dont buy product
683,wa proven dead wrong sushi bar quality great service fast food impeccable
684,comfortable
685,loos connection phone even within couple foot two
686,beware trashy cult movie trash period
687,child truly enjoyed show proudly say enjoyed big time even classical wb cartoon
688,super charged use small hybrid palmtop camera cellphone excels role
689,burger amazing
690,chicken wing contained driest chicken meat ever eaten
691,deal included tasting drink jeff went beyond expected
692,set bad wouldnt look place thunderbird episode
693,chicken dish ok beef like shoe leather
694,still quite interesting entertaining follow
695,anyways food wa definitely filling price pay expect
696,mediocre every aspect becomes dull uninteresting mess one forgettable movie ive seen
697,opened sandwich wa impressed good way
698,server wa fantastic found wife love roasted garlic bone marrow added extra meal another marrow go
699,slowmoving aimless movie distressed drifting young man
700,atmosphere modern hip maintaining touch coziness
701,cr pe wa delicate thin moist
702,worst experience ever
703,greasy unhealthy meal
704,wa due fact took minute acknowledged another minute get foodand kept forgetting thing
705,work cell phone plug set charger
706,wish could return unit get back money
707,cg opening sequence space looked like could created microsoft slideshow god sake
708,several dozen several hundred contact imagine fun sending one one
709,excellent dualpurpose headset
710,clear crisp sound
711,high adventure best
712,server wa nice even though looked little overwhelmed need stayed professional friendly end
713,good protection doe make phone bulky
714,waiting hour seated wa greatest mood
715,worth driving tucson
716,macbeth jason connery moved tear final monolog brief candle gave sphere moral decay dark force human face make interesting
717,hour half wish could bring back
718,enough said remarkable animation film
719,excellent tool especially paired phone autoanswer
720,whatever prompted documentary beyond
721,noise shield incrediable
722,spend money time place else
723,yes shiny front side love
724,ha long bay wa bit flop
725,incredible
726,far sushi connoisseur definitely tell difference good food bad food wa certainly bad food
727,lovely little thriller hitchcock lot nice shenanigan surrounding murdered spy kidnapped child nasty church foreign plot random taxidermist
728,wa ever movie needed wordofmouth promote
729,much good food vega feel cheated wasting eating opportunity going rice company
730,highly recommended
731,plantronics bluetooth excelent buy
732,att clear sound distorted yell talk
733,kris kristoffersen good movie really make difference
734,great phone
735,track command sentiment actually contributing scene character
736,instruction manual lacking
737,film use word loosely insult moviegoing public
738,character interesting want find longer movie go think people surprised doe doesnt make
739,case flimsy piece plastic ha front side protection whatsoever
740,fantastic earphone
741,sushi lover avoid place mean
742,rating
743,portable work
744,get pay guess
745,convoluted plot didnt convince much film wa watched weird questioning glance
746,great music terrific scenery
747,sum film breeder terrible cheaply made horror movie avoided like ebola virus
748,also phone dropped case going save specially dropped face
749,cant go wrong food
750,fix problem
751,item fantastic work perfectly
752,voice recognition thru handset excellent
753,kid pizza always hit lot great side dish option kiddos
754,steak shrimp opinion best entree gc
755,make strange ticking noise end call
756,magical help
757,struggle find anything bad say
758,potato like rubber could tell made ahead time kept warmer
759,chip sals amazing
760,best electronics available fm transmitter
761,love phone handy ha lot feature
762,bela lugosi wa totally extraneous intoning odd line
763,waste money
764,doesnt job
765,good product good seller
766,know make
767,really nothing postinos hope experience better
768,thing went wrong burned saganaki
769,movie greatespecially enjoy visual art
770,service fair best
771,bit predictable
772,nice case feel good hand
773,excellent short film
774,bread made inhouse
775,felt light tinny
776,love feature form factor
777,last le minute actually try use phonemy wife ha phone problem
778,well made easy access phone ha handy detachable belt clip
779,dont make mistake
780,potato great wa biscuit
781,piece junk broke phone day
782,wont regret
783,terrible product waste money
784,dont afraid subtitle worth little aversion therapy
785,best headset used
786,interesting premise billy drago always good dangerous nutbag side note id love see drago stephen mchattie lance hendrikson flick together talk raging cheekbone
787,ambiance wa incredible
788,p scene movie wa cool central character find room blown
789,people first timer film making think excellent job
790,art style ha appearance crayon pencil drawing wonderfully colorful fanciful
791,ended sliding edge pant back pocket instead
792,also served hot bread butter home made potato chip bacon bit topvery original good
793,nine ten truly lovely film
794,love camera really pretty good quality
795,service also cute
796,wa boring
797,thing wasnt crazy wa guacamole dont like pur ed
798,staff also friendly efficient
799,food wa good service wa good price good
800,surely doesnt know make coherent action movie screenwriter air force one wa obliged write script big sum money
801,sometimes wa embarrassing look away
802,line cut audio everything wrong
803,frightening least barely comprehensible
804,basically threw money window nothing
805,frozen puck disgust worst people behind register
806,waste time
807,bad everyone else involved didnt share crowes level dedication quality wed far better film hand subpar mess
808,could care le interior beautiful
809,say food wa amazing
810,barely ever hear constantly saying
811,boyfriend sat bar completely delightful experience
812,know like restaurant something
813,paolo sorrentino ha written wonderful story loneliness tony ha built one unforgettable character seen movie recent year
814,could get strong enough signal
815,clever real crowdpleaserthis film still rank among mickey best film even wonderful year
816,word embarrassing
817,best bluetooth market
818,like building used couple location maybe poor hummh
819,group claimed would handled u beautifully
820,dont trust website dont expect helpful support
821,excellent service
822,clear skype call long battery life long range
823,ambiance feel like buffet setting douchey indoor garden tea biscuit
824,watching film wanted learn work artist
825,additional ear gel provided instruction whatsoever
826,item worked great broke month use
827,back
828,new battery work great phone
829,bad experience
830,wa deeply impressed character played
831,best charger seen market yet
832,juano hernandez exceptional actor played supporting role many film era proud black man accused murdering white man south
833,ordered burger rare came well done
834,im really disappointed charger doesnt work
835,dont waste time
836,ill take business dinner dollar elsewhere
837,waste
838,also came back check u regularly excellent service
839,overall dont think would take parent place made similar complaint silently felt
840,lot hole plot nothing became emperor nothing spend year childhood mature age
841,phone work great
842,even hello right
843,linked phone without effort
844,movie also revealing
845,turkey roast beef bland
846,film lack real scare tension medical terminology used throughout bit iffy say least say insulin dependant diabetic
847,sweet potato tot good onion ring perfection close
848,cant say enough good thing place
849,case would order another
850,also new problem
851,also real treat see anthony quinn playing crazy horse
852,guess liked detail dysfunctionhe wa believable
853,unfortunately easy accidentally activate gentletouch button accidentally touch phone face listening
854,go place gyro
855,whole experience wa underwhelming think well go ninja sushi next time
856,ha feature want
857,im still infatuated phone
858,nargile think great
859,nokia ca usb cable work phone
860,wanted
861,would come back sushi craving vega
862,great place relax awesome burger beer
863,im really sure joeys wa voted best hot dog valley reader phoenix magazine
864,happy far
865,great food price high quality house made
866,would definitely recommend jabra bt v looking comfort clarity great price
867,four star food guy blue shirt great vibe still letting u eat
868,ambience wonderful music playing
869,im big fan rpg game movie disgrace selfrespecting rpger
870,company charge restocking fee still given refund back
871,better youd expect
872,seriously believe owner ha many unexperienced employee running around like chicken head cut
873,coming back
874,zero star would give zero star
875,witty delightful adaptation dr seuss book brilliantly animated upas finest thoroughly deserving academy award
876,return
877,actually turned pretty decent far blist horror suspense film go
878,heart attack grill downtown vega absolutely flatlined excuse restaurant
879,hold charge long time reasonably comfortable longwearing condition quality sound tremendous
880,great ipod
881,gyro wa basically lettuce
882,never condescends character good genuine heart believable problem
883,bipolarity ruthless thug one minute ruthless killer next minute luvs diaper commercial completely unconvincing
884,good value work fine power via usb car wall outlet
885,order
886,w superb
887,oh forgot also mention weird color effect ha phone
888,get absolutely horrible reception apartment phone problem
889,dish salmon wa best great
890,poor construction
891,fit like glove strong secure durable
892,best place go tasty bowl pho
893,good film indeed great unconditional love
894,greatno problem
895,bad performance play angela bennett computer expert home time
896,result well shame
897,unfortunately ability actually know receiving call rather important feature phone pitiful respect
898,worth checking
899,camera really like movie
900,seen movie definitely recommend
901,painful ear
902,essentially communication tool doe communicate
903,phone wa unusable wa new
904,food wa outstanding price reasonable
905,ear bud play music one ear
906,also slim enough fit alarm clock docking station without removing case
907,fry great
908,made sturdy
909,believe place great stop huge belly hankering sushi
910,server great job handling large rowdy table
911,horrible switch time
912,sorry made purchase
913,everything bad
914,food amazing
915,plus movie rather modest budget fast running time doe amazing job
916,meat wa pretty dry sliced brisket pulled pork
917,monster chicken fried steak egg time favorite
918,awful dialogue hopeless overacting everyone get shot top real waste space time
919,battery holding well
920,found six inch long piece wire salsa
921,company shipped product promptly work well
922,shower area outside rinse take full shower unless dont mind nude everyone see
923,show would begin smart ed comment would totally wall uncalled
924,awesome new look fall
925,daily special always hit group
926,acting whole cast could put scale balanced perfectly overacting underacting
927,toro tartare cavier wa extraordinary liked thinly sliced wagyu white truffle
928,place eat circumstance would ever return top list
929,obviously terrible customer service get pay
930,mic joke volume quite low
931,even worse ticker
932,great phone
933,worth every penny
934,love place hit spot want something healthy lacking quantity flavor
935,like steiner dark feel like bar
936,use product motor control center lot high voltage humming equipment work great
937,find movie intelligent even masterful say intelligence imagination obviously used try make sense pitiful attempt human nature try make sense thing
938,excellent starter wireless headset
939,food wa barely lukewarm must sitting waiting server bring u
940,didnt think instruction provided helpful
941,wow loved place
942,lacked flavor seemed undercooked dry
943,good product incredible value
944,phone slim light display beautiful
945,however wa decent acting action location work balance thing
946,never know pushed hard enough right number time function want
947,definitely bargain
948,went motorolas website followed direction could get pair
949,light ha plenty battery capacity confortable wear somewhat extended period time
950,first movie ive given year
951,mine year christmas bought rest family
952,wa utterly confusing first caused lose couple important contact
953,lovely usual cutie
954,enjoy pizza brunch
955,logitech bluetooth headset
956,using earpiece left right thing stay ear
957,ten minute film started second thought
958,obviously problem adhesive
959,microphone also work well according people called applifies everything
960,humour get get day wa apt
961,film ha redeeming feature
962,unfortunately work
963,great
964,battery working well replacement original came phone year ago
965,nothing privileged working eating
966,fact stinker smell like directtovideo release
967,great subway fact good come every subway meet expectation
968,majority logitech earbud headset failed
969,everything wa perfect night
970,hopefully bodes going business someone cook come
971,work good
972,screen size big key pad lit well enough camera quality excellent camera phone
973,never go back place never ever recommended place anyone
974,two year left contract hate phone
975,love lane ive never seen movie lousy
976,best scene movie wa gerardo trying find song keep running head
977,purcashed car charger doe work
978,software great job could also make ringtones form existing cd without internet connection
979,never anything complain
980,razr owneryou must
981,character onedimensional even good guy especially bad guy
982,also happy price
983,im happy
984,food good
985,thought youd venture away get good sushi place really hit spot night
986,look great strong
987,worth
988,think wa good investment
989,bad actually worth seeing reason
990,expect good
991,pan cake everyone raving taste like sugary disaster tailored palate six year old
992,mediocre miserable hollow laughable predictable piece garbage
993,love thing
994,also fry without doubt worst fry ive ever
995,might gotten defect would risk buying built quality alone
996,holster arrived match photo ad
997,im eating
998,got phone around end may im completely unhappy
999,place jewel la vega exactly ive hoping find nearly ten year living
1000,highly recommend modest priced cellular phone
1001,movie possibly one creative work horror ever
1002,case great work fine
1003,liked patio service wa outstanding
1004,thats huge design flaw unless im using correctly dont think case
1005,stopped place madison ironman friendly kind staff
1006,yet plantronincs continues use flawed charger design
1007,love place
1008,phone sturdy nokia bar phone
1009,doe work listening music cingular
1010,rating grade z note show bad even mother cast pull daughter show
1011,choice headset yearsgreat sound good volume good noise cancellation
1012,display excellent camera good year
1013,writer smack think best actor actress bonus showthese character real
1014,ive owned phone month say best mobile phone ive
1015,buffet small food offered wa bland
1016,good money
1017,last minute movie also bad well
1018,yes bad
1019,annoying thing cover girl way rita hayworth put pedestal
1020,nicest restaurant owner ive ever come across
1021,flavorful ha perfect amount heat
1022,one nice thing wa added gratuity bill since party wa larger didnt expect tip
1023,weird vibe owner
1024,tonight elk filet specialand sucked
1025,always known errol flynn wa brilliant actor wa dad favourite actor grew watching film child
1026,year battery went completely dead headset
1027,everyone attentive providing excellent customer service
1028,meredith wa better right
1029,shouldnt take min pancake egg
1030,could eat bruschetta day devine
1031,phone fast sending kind message web browsing significantly faster previous phone used
1032,new fav vega buffet spot
1033,wa equally awful
1034,received order well within shipping timeframe everything wa good working order overall excited source
1035,keep good work amazon
1036,back
1037,side greek salad greek dressing wa tasty pita hummus wa refreshing
1038,great value
1039,pretty good product
1040,highly doubt anyone could ever like trash
1041,wa disappointed
1042,also took forever bring u check asked
1043,battery last hour
1044,got phone reccomendation relative im glad
1045,ive dropped phone time say even concrete phone still great knock wood
1046,cheap plastic creak like old wooden floor
1047,dont make mistake please dont buy phone
1048,worst phone ever
1049,screen doe get smudged easily touch ear face
1050,pro large seating area nice bar area great simple drink menu best brick oven pizza homemade dough
1051,great would really recommend
1052,small worth price
1053,simply want small flip phone look elsewhere extra bell whistle mediocre
1054,dont think would hold securly belt
1055,doesnt make look cool
1056,mic great
1057,setup went smoothly
1058,felt like gripping intelligent stage play without overly theatrical feeling one actually get watching people stage play everyones terror white lie escalating monstrous consequence
1059,checked everywhere feature really disappointing
1060,vanilla ice cream wa creamy smooth profiterole chou pastry wa fresh enough
1061,conclusion loved
1062,cast wa great
1063,right case movie delivers everything almost right face
1064,product clearly ready prime time dont care cool look cant tell call coming worthless
1065,work great cat attacked phone scratched protective strip instead destroying screen
1066,go back next trip
1067,cashew cream sauce wa bland vegetable undercooked
1068,walked place smelled like old grease trap others eating
1069,last night wa second time dining wa happy decided go back
1070,movie full wonderful dancing hence title
1071,loved wa really scary
1072,rotating beer tap also highlight place
1073,took back money got outta
1074,simple little phone use breakage unacceptible
1075,doesnt work bougth l c working
1076,scene often funny occasionally touching character evaluate life going
1077,ive also problem phone reading memory card always turn
1078,refuse refund replace
1079,thought acting wa skilled
1080,perfect p
1081,jabra earset wa happy sound quality especially outgoing better
1082,ha everything could want suspense drama comedy confusing subplots native american brain eating youre looking beall endall brainsucking movie look
1083,said mouth belly still quite pleased
1084,id rather eat airline food seriously
1085,scream legit booksomethats also pretty rare vega
1086,tried talking real loud shouting telephone get old wa still told wasnt great
1087,bug never showed would given sure side wall bug wa climbing wa kitchen
1088,case wa le extra originally put later discarded scratched ear
1089,jiggle plug get line right get decent volume
1090,lewis black considerable talent wasted incendiary unrestrained pg rating certainly wont allow
1091,sad little vegetable overcooked
1092,ri style calamari wa joke
1093,actor truly understand become particular character delivering convincing sincere performance
1094,nice quality build unlike cheap
1095,thought wa bad
1096,case bad laughable
1097,finally three four time spring latch broke could use longer visor
1098,movie wellbalanced comedy drama thoroughly enjoyed
1099,performed
1100,use slowmotion needlessly repeat throughout movie well backed bad acting bad kind word continuity scene thrown reason whatsoever vehicle looked like made corn flake box directorial style bordered stupidity
1101,guy steak steak loving son ha steak best worst place said wa best steak ever eaten
1102,leopard print wonderfully wild
1103,every element story wa top excessively phony contrived wa painful sit
1104,awkward use unreliable
1105,even stupid thought idea volcano los angeles
1106,wa waste money
1107,want first say server wa great perfect service
1108,last time lunch ha bad
1109,pretty surprising wonderful film wa made hollywood generally collective head sand concerning black white issue time
1110,first doesnt wear well
1111,keyboard nice compromise full qwerty basic cell phone number keypad
1112,feel comfortable headset wear glass get way sometimes
1113,bathroom next door nice
1114,fresh subtle rather sublime effect
1115,sprint charge service
1116,movie doe make sick watching slacker make excuse stupid action minute
1117,dropped ball
1118,great product
1119,mic doesnt work
1120,great deal
1121,wasnt busy either also building wa freezing cold
1122,far good
1123,staff spends time talking
1124,sprint terrible customer service
1125,believe every one see movie think people outside south africa understand past attempted truth reconciliation process
1126,adapter doe provide enough charging current
1127,recommended
1128,nothing special
1129,plethora salad sandwich everything ive tried get seal approval
1130,disappointed
1131,love fact everything menu worth
1132,work week break
1133,poor service waiter made feel like wa stupid every time came table
1134,work well
1135,poor product
1136,dont like
1137,liked way dustin hoffman character wa ready everything stay son
1138,good hoped
1139,definitely must state doe allow cell phone usage driving
1140,problem item would order needed
1141,know jim oconnor wa energetic nobody could much george wa well dull
1142,actually smart movie
1143,gave star im giving star
1144,personally love hummus pita baklava falafel baba ganoush amazing eggplant
1145,received quickly work great
1146,customer service wa terrible
1147,really ugly
1148,know wa contract player little control script acting wa bad script
1149,itll regular stop trip phoenix
1150,wa awesome
1151,also serve indian naan bread hummus spicy pine nut sauce wa world
1152,salad bland vinegrette baby green heart palm
1153,rare filmmaker take time tell worthy moral tale care love doesnt fall trap overly syrupy indulgent
1154,lousy product
1155,wa riot see hugo weaving play sexobsessed gay real estate salesman us client house tryst flaming darren tom hollander
1156,loved mussel cooked wine reduction duck wa tender potato dish delicious
1157,place great
1158,would reccommend
1159,reception poor
1160,avoid establishment
1161,wont forget movie
1162,great product
1163,probably irritating show ever seen entire life
1164,defective crap
1165,wa bit sweet really spicy enough lacked flavor
1166,minute footage wasted show mediocre elderly actor awkwardly babbling overwrought pseudosatanic gibberish corny enough make teen goth blush almost always olde english sometimes latin may may made word
1167,anyway f restaurant ha wonderful breakfast lunch
1168,back
1169,tired clich lazy writing come thick fast
1170,recently witnessed poor quality management towards guest well
1171,watching washing machine twirling around wouldnt hurt eye much show
1172,sending back
1173,live neighborhood disappointed wont back convenient location
1174,enjoyed
1175,crash depressing little nothing provokes emotion teach nothing already know racism prejudice bad thing
1176,internet access wa fine rare instance worked
1177,food wa great wa serivce
1178,kind flop around
1179,make call certain place
1180,company joke
1181,phone take forever charge like hour literally
1182,ambience perfect
1183,unfortunately recharge iphone despite connecting multiple power source imac external battery wall outlet etc
1184,painful
1185,emily watson character strong ha give quick glance understand everything
1186,continuously beautiful look bertolucci relationship convincing narrative engaging master work
1187,felt insulted disrespected could talk judge another human like
1188,highly recommend one ha blue tooth phone
1189,tried cape cod ravoli chickenwith cranberrymmmm
1190,first reception suck never bar ever
1191,please stay away shrimp stir fried noodle
1192,wa delicious
1193,span hour two people exclaim whoa new phone tv
1194,hold phone particular angle party hear clearly
1195,guess nobody network aired dribble watched putting
1196,service wa great even manager came helped table
1197,conclusion bother movie volcano los angeles nothing nonsense
1198,though wind lion told largely eye son every member family identify one character whether sean connerys noble brigand candace bergen feisty heroine john huston wily john hay steve kanalys spiffy radiant ruthless cando lieutenant roosevelt big stick
1199,patio seating wa comfortable
1200,love margarita
1201,long time since wa entertained movie
1202,never heard except cole wa totally unbelievable part
1203,owner really really need quit soooooo cheap let wrap freaking sandwich two paper one
1204,never hard rock casino never ever step forward
1205,got ta love closeup slimy drooling teeth
1206,disappointment
1207,easily none cartoon made laugh tender way getting dark sitcom oriented teenager
1208,loved
1209,pleasant voyage selfdiscovery
1210,worst wa salmon sashimi
1211,would recommend saving room
1212,main player mesmerising
1213,wasnt expecting oscar material
1214,excellent sound battery life inconspicuous boot
1215,even bmw series fairly quiet trouble hearing person saying
1216,highly unprofessional rude loyal patron
1217,great restaurant mandalay bay
1218,pretty awesome place
1219,dish wa quite flavourful
1220,overall wasnt impressed noca
1221,youd iq particularly stupid mollusk see one coming
1222,paid bill tip felt server terrible job
1223,good joint
1224,excellent phone
1225,worthless product
1226,wonderful experience made place muststop whenever town
1227,movie awesome
1228,everything wa fresh delicious
1229,great price
1230,generous portion great taste
1231,good film great director
1232,product ideal people like whose ear sensitive
1233,sweetest phone
1234,thats rightthe red velvet cakeohhh stuff good
1235,absolutel junk
1236,wed definitely go back
1237,insult profound deuchebaggery go outside smoke break serving solidify
1238,disappointing accessory good manufacturer
1239,server wa nice attentive serving staff
1240,losing marble early proceeding totally implausible unconvincing
1241,summary wa largely disappointing dining experience
1242,phone year tell great
1243,plot derivative predictable ending like mercy killing
1244,doesnt hold charge
1245,spaghetti nothing special whatsoever
1246,like really sexy party mouth youre outrageously flirting hottest person party
1247,awesome selection beer
1248,great bluetooth
1249,great phone
1250,good job quite amusing
1251,pairing two device wa easy barely took couple minute started making call voice dialing feature
1252,would recommend
1253,thing like wa prime rib dessert section
1254,battery life also great
1255,really fantastic thai restaurant definitely worth visit
1256,want sandwich go firehouse
1257,tmobile service year pretty happy
1258,incredible soundtrack truly capture essence film
1259,audio quality poor poor
1260,warmth generates contrast austere backdrop
1261,used talk hour battery would literally drained dying
1262,wa pathetic attempt give character depth didnt really work rest plot
1263,eating
1264,definitely back
1265,wish could enter negative value admins
1266,doe fit
1267,first enough racial stereotype racial joke offend everyone
1268,pretty piece junk
1269,story unfolds th century jutland use period music played period instrument one fine touch
1270,rated
1271,please dont waste money
1272,could understand kind idiot would produce mess first place mention several season
1273,great food great service clean friendly setting
1274,integrated seamlessly motorola razr phone
1275,waitress wa little slow service
1276,also combo like burger fry beer decent deal
1277,plot ha hole pair fishnet stocking direction editing astonishingly ham fisted
1278,two felt disgusting
1279,great touch
1280,bought phone replacement startac regretted since
1281,wasnt really impressed strip steak
1282,similarly delivery man say word apology food wa minute late
1283,file browser offer option one needshandsfree great
1284,rickman stowe play role hilt tale childrens book writer maybe ha written subversive tract
1285,screamy masculine right
1286,wa inexpensive piece would still expected better quality
1287,krussel always good
1288,wa pale color instead nice char ha flavor
1289,everything acting cinematography wa solid
1290,seems completely secure holding belt keeping iphone inside
1291,trumbull love lucy
1292,eargels channel sound directly ear seem increase sound volume clarity
1293,jabra ear gel r best
1294,salad wing ice cream dessert left feeling quite satisfied
1295,food wasnt good
1296,exactly wanted
1297,service give star
1298,could serve vinaigrette may make better overall dish wa still good
1299,worked well paired treo w skype headset pc using usb bluetooth transceiver
1300,get extra minute carry call get cut
1301,highly recommend movie anyone interested art poetry theater politics japanese history
1302,side delish mixed mushroom yukon gold puree white corn beateous
1303,sat another ten minute finally gave left
1304,bus boy hand wa rude
1305,well never go
1306,wa clear range ability pull part
1307,wa one worst film ever seen
1308,work fine
1309,ive lived since wa first last time ive stepped foot place
1310,kid annoying
1311,bought mother problem battery
1312,battery unreliable well service use antena
1313,read others review havent problem
1314,imdb rating go low awful time get negative number case
1315,stopped late may bank holiday rick steve recommendation loved
1316,sound clear people talk amazed quality
1317,wa disgusted wa pretty sure wa human hair
1318,kept looking time soon become minute yet still food
1319,dont understand garbage got shelf movie store even real movie
1320,bland liking place number reason dont want waste time bad reviewing ill leave
1321,food way overpriced portion fucking small
1322,worst phone ive ever month
1323,excellent product price
1324,dinner companion told meeverything wa fresh nice texture taste
1325,service wa fine waitress wa friendly
1326,bean rice mediocre best
1327,great pocket pc phone combination
1328,phone might well worst ive ever brand
1329,item doe match picture
1330,nicest chinese restaurant ive
1331,ordered old classic new dish going time sorely disappointed everything
1332,macarons insanely good
1333,sound quality great
1334,hate writing bad review film especially really like star film bad dont believe one second anyone could proud
1335,great product fast shipping
1336,best example dumb writing established turn zombiestudents back human removing necklace containing piece meteorite
1337,wa packed
1338,definately enjoyed
1339,stunning movie
1340,selection food wa best
1341,one work wa priced right
1342,extraordinary film
1343,howeverthe riingtones best neither game
1344,setup couldnt simpler
1345,worth drive
1346,wa pretty gross
1347,folk otto always make u feel welcome special
1348,chef wa generous time even came around twice take picture
1349,wa terrible
1350,one note ventilation could use upgrading
1351,seasonal fruit wa fresh white peach puree
1352,crust good
1353,shrimp unwrapped live mile brushfire wa literally ice cold
1354,overall would recommend phone new walkman
1355,premise sound stupid thats
1356,def coming back bowl next time
1357,work great
1358,menu diverse reasonably priced
1359,disappointment
1360,great phone
1361,explosion gas tank end wa awful
1362,searched internet found one best value
1363,bad purchase
1364,dont know slow
1365,started review two star im editing give one
1366,ordered sony ericsson w think worked thats first used
1367,acting fantastic story seamlessly woven together dog splendid must rent view see
1368,good case
1369,satisifed
1370,con spotty service
1371,great pork sandwich
1372,earbud piece break easily
1373,extremely tasty
1374,warn youdo rent movie dumbest thing never seen
1375,disappointed
1376,veggitarian platter world
1377,considering relation screen taylor stanwyck wa surprising little chemistry wa screen two
1378,although much liked look sound place actual experience wa bit disappointing
1379,plantain worst ive ever tasted
1380,looked like wonderful story
1381,phone hold charge like wa new
1382,thing
1383,promise wont disappoint
1384,star brick oven bread app
1385,wa first time cant wait next
1386,great dinner
1387,work fine motorola cellphone lot better wornout battery
1388,fantastic service
1389,cant store anything phone number sim
1390,cheap hey work wa pleasantly suprised given low cost item
1391,would recommend others
1392,havent gone go
1393,interesting decor
1394,whatever avoid groove antithesis good human traffic
1395,service wa beyond bad
1396,every time eat see caring teamwork professional degree
1397,opening sequence gem classic cat n mouse game follow delight watch
1398,overall like food service
1399,would casted role ready script
1400,wa impressed price case
1401,time seems film animation ha dominated disney pixars cgi masterpiece refreshing comforting know miyazaki still relying traditional handdrawn animation tell charming enchanting story
1402,today second time ive lunch buffet wa pretty good
1403,none work dont buy
1404,bad pay month service
1405,piece trash
1406,place two thumb upway
1407,funny clever hip like prays previous film hype
1408,basically service wa bad
1409,drink wa never empty made really great menu suggestion
1410,think film like dream
1411,arent one make scene restaurant dont get itdefinitely lost love one
1412,oh charger seems work fine
1413,believe screenwriter good job tying loose end
1414,sure wa lost flat character audience nearly half walked
1415,steak well trimmed also perfectly cooked
1416,order arrived one gyro wa missing
1417,case ive tried normally fall apart month one seems long haul
1418,helen baxendale credible lady macbeth cheerfull time sometimes look like naughty girl deadly taste blood evil
1419,movie terribly boring place
1420,im quite satisfied purchase
1421,place way overpriced mediocre food
1422,learn lot real inside emotion people movie lot movie business
1423,secondary plot line incomprehensible relation primary plot line mystifying
1424,seller understanding patient would definitely buy
1425,keyboard really worthwhile usefulness sturdy enough dont expect problem
1426,grilled chicken wa tender yellow saffron seasoning
1427,going since every meal ha awesome
1428,thing think could improve sound leak headset
1429,steak recommended
1430,recognizes phone storage device
1431,food wa excellent service wa good
1432,battery terrible
1433,whine internet goesthe use thing le like
1434,go gave star rating please know wa third time eating bachi burger writing review
1435,seems like good quick place grab bite familiar pub food favor look elsewhere
1436,great wa new packaged nice work good problem came le time expected
1437,cow tongue cheek taco amazing
1438,manager wa worst
1439,wa shocked sign indicate cash
1440,well im satisfied
1441,one peter watkins accessible film
1442,range decent ive able roam around house phone living room reception sound quality issue
1443,wa poor remake best friend wedding
1444,jerk phone
1445,id like return
1446,great price also
1447,service wa terrible though
1448,rolled eye may stayed sure go back try
1449,satisfied cell phone day one
1450,promptly greeted seated
1451,wont going back
1452,great food
1453,knew saw film great thing come gifted actor
1454,table outside also dirty lot time worker always friendly helpful menu
1455,acting involved includes like shatner nimoy bad washed making seem old look real life special effect tacky like spock ha rescue kirk jet pack fall mountain
1456,food wa delicious
1457,memory murky say enjoyed every single episode product related show
1458,politically correct
1459,worst martini ever
1460,cant use case smell disgusting
1461,frankly cotton club unfaithful wa kind embarrassing watch lane gere film bad
1462,may bad film ever made
1463,later found lost power film
1464,wont ever go
1465,lady table next u found live green caterpillar salad
1466,advise everyone fooled
1467,mediocre food
1468,nice solid keyboard
1469,would definitely recommend wing well pizza
1470,never dining place
1471,came back today since relocated still impressed
1472,lange become great actress
1473,restaurant always full never wait
1474,waiter wasnt helpful friendly rarely checked u
1475,wont returning
1476,film sole bright spot wa jonah hill look almost unrecognizable fan recent superbad due amount weight lost interim
1477,must study anyone interested worst sin industrial design
1478,great place highly recommend
1479,even take self portrait outside exterior display cool
1480,hate thing much cheap quality black olive
1481,precisely giving bad review
1482,flair bartender absolutely amazing
1483,attractive appears good quality
1484,plot keep going first place
1485,sound good reasonably priced effective simple
1486,sushi strip place go
1487,wa excited get headset thought wa really cute
1488,minute waiting salad realized wasnt coming time soon
1489,would take long describe bad customer service experience ha amazon
1490,product exactly described
1491,displeased
1492,good stretch imagination
1493,cutout button placed perfectly
1494,unfortunately set u disapppointment entree
1495,ill put gem movie term screenplay cinematography acting postproduction editing directing aspect filmmaking
1496,best tater tot southwest
1497,case ha passed one year mark show sign wear functional
1498,service wa terrible food wa mediocre
1499,line seem written fifteen year old though trying oh hard sound like fifteen year old would really um know well talk
1500,lucy bell much higher crap sink low quite depressing
1501,bland flavorless good way describing barely tepid meat
1502,problem wit hit dropping signal
1503,exquisite visual composition moment inventive elegant use closeup camera angle lighting including pointillistic faux home movie footage wonder joy behold
1504,yes simplifying thing sake brevity really core problem film ha much going without real fulfilling explanation
1505,love owner chef one authentic japanese cool dude
1506,fact hard remember part ray charles acted played man ray charles legendary ray charles life provided excellent biographical material film go well beyond another movie musician hitchcock great director ironically mostly find film total waste time watch secondly hitchcock pretty much perfected thriller chase movie pandering audience sabotage film hence whole story lack certain energy plot simply rumble like machine desperately depending addition new scene usual hitchcock logic flaw mishima extremely uninteresting chilly unremarkable movie author living working chilly abstruse culture flat reenactment dont hold attention emotionally adrift stagy rest sits awful soldier singing song masculinity pledge hairsplitting purity admiration sword etc bore piece kill momentum movie quicker anyone else schrader ha made resume full lousy amateurish film first watched movie loved wa totally fascinated music dancing everything however recently watched whole thing dvd wa completely struck extremely stupid storyline wa contained hole inconsistency frankly whole lot crap horrid dancing wa mean realistic world would never gotten ballet repertory whole thing wa quite pathetic character development also lacked depth woa talk awful waste time wa horrible worst sappiest dialogue could go really made unwatchable wa direction poor actor cant even tell talent pathetic line speak director gave action check director filmography site see film didnt chance would even good made tv flick good intention made film great film might one greatest film ever made film ha great actor master director significant themeat least wouldbe significant theme undertone fifty existential worldweariness aerial scene ought thrilled sens imagination character one might deeply care regrettably film fails movie lack visual interest drama expression feeling celebration patriotism underline narrative actress ha worse used june allison movie yet enjoy watching unfortunately bad movie plain bad bad script bad direction horrible acting make one plain bad dialogue sucked cinematographyif called thatsucked soundtrack sucked acting sucked concert sequence sucked wa nice wa funny wa funny overall movie wa cheap trash movie funny considering ridiculousness came feeling angry spoiler whatever else cant said surface superbly crafted cinematography simply stunning say least fx nothing stateoftheart conceptually show offer little bit everything everybody parent kid fantasy fx fan wasnt single sour note struck actingwise either surprisingly solid casting thing considered job well done thanks good movie like wa done released one best mexican movie ever one le understood even mexican matter identified felt rank highly great noircrimedrama incredible performance belmondo lino ventura attention given every character complex psychological portrayal detailing loyalty treachery love hope tremendous excellent drama excellent thriller excellent film best melville everything film simply incredible truly take journey eye soul child black water thriller manages completely transcend limitation indie flick continually subverting expectation emerge intense experience performance real gripping crocdodile extremely well done indeed black water website believed thats used real crocs swamp location fabulous thoroughly enjoyed christopher eccleston took control tardis continuation series im sure wa trying film wa turn good day feeling night disturbing memory guess succeeded lot beautiful place wa forced like everything movie lame movie really pi ed dont even get started jerky camerawork saw theater thought wa going sick summary witticism werent witty plot well said id let one go acting wa bad really bad even billy bob couldnt rise script wa worse camerawork bad rating amazing finale possibly best trilogy time kieslowski never cease amaze one favourite director one talented director history cinema use colour french flag three film wa nothing short incredible every shot every scene wa like work art three visually appealing movie ive ever seen subtle connection three film awesome mention huge spoiler loved ending character three film remaining survivor ferry disaster valentine young judge together old man watching tv solidifying happiness suffering dealt many year couldnt think better way end film smile face great way wrap amazing film trilogy recommend everyone love film movie anythinga work art movie trilogy literally vomited watching film think wa one people found another one roth pearl performance awarded wa stunning story wa told eloquently francis ford coppola year earlier really unfolds gradually leaf room character develop wonderful location lie story contrast beautiful directed film nicolas roeg wih sublime cast im translating movie living first movie year working experience found offensive intelligence someone strives greatness poetry delivers muddled often ridiculous story bunch disparate scene pretentious dialogue get worst kind movie reviewer accurately defined pretentious crap
1507,usually dont like headband one lightweight doesnt mess hair
1508,also notable john bailey fine crisp beautifully colored cinematography great production design costume eiko ishioka went memorable costume coppola dracula received well deserved oscar
1509,also area unit broke im fond magnetic strap
1510,continue pairing periodically since somehow kept dropping
1511,fantastic neighborhood gem
1512,jerky camera movement also annoying
1513,ive bluetooth week really like
1514,really created unique feeling though
1515,wa hardly meat
1516,cant tell disappointed wa
1517,wa sitting vehicle cradle belt headset lost signal
1518,food came disappointment ensued
1519,really nice atmosphere
1520,new character werent memorable found forgetting wa
1521,scene debated whether sack trumpeter falsely wa accused murder pure horror really stupid
1522,food wa terrible
1523,food good typical bar food
1524,waited waited
1525,none new one ever quite worked properly
1526,ate twice last visit especially enjoyed salmon salad
1527,ordered voodoo pasta wa first time id really excellent pasta since going gluten free several year ago
1528,even allowing poor production value time format kind miniseries baaaaaad
1529,mistake
1530,far worst purchase ive made amazon
1531,sound quality device unacceptableunless really quiet area almost hear nothing
1532,great hand free device
1533,cast good
1534,nice sound
1535,havent choked vomit end cheap drama worthless dialogue youve must bored death waste time
1536,many continuity error one user commented different car garage joes glassesthe one got wa fact joes facial hair configuration seemed change scene scene
1537,place deserves star
1538,battery life real good
1539,movie wa boring sometimes found occupied peaking paper instead watching never happened columbo movie
1540,consider excellent story solid acting look film added bonus
1541,disappointing
1542,much interesting action suspense le unneeded controversy
1543,definitely worth checking
1544,disappointing experience
1545,chef friendly good job
1546,point friend basically figured place wa joke didnt mind making publicly loudly known
1547,directing seems pretentious
1548,said phone camera nice many cool effect play video decent well
1549,lordy khao soi dish missed curry lover
1550,wa bad lost heart finish
1551,review long overdue since consider tale two sister single greatest film ever made
1552,waiter wa jerk
1553,literally sat minute one asking take order
1554,dont bother go store
1555,buyerbe careful
1556,fit ear well comfortable
1557,seen many movie starring jaclyn smith god wa one best though came year ago
1558,empty hollow shell movie
1559,buy buyit suck
1560,love cable allows connect miniusb device pc
1561,bad reception
1562,much id like go back cant get passed atrocious service never return
1563,tiny toon kept vibe delivered one popular funny underrated cartoon ever created
1564,receiving using product day broke
1565,overall great experience
1566,watched waiter pay lot attention table ignore u
1567,everything wa good tasty
1568,probably would go
1569,attempting artiness black white clever camera angle movie disappointed became even ridiculous acting wa poor plot line almost nonexistent
1570,staff friendly joint always clean
1571,film look cheap bland
1572,much say place walked expected amazing wa quickly disappointed
1573,see kid chanceit open amazing dialog far race relation come last year
1574,sergeant pepper beef sandwich auju sauce excellent sandwich well
1575,wa attached gas station rarely good sign
1576,returned hour later
1577,manna heaven terrific film predictable unpredictable time
1578,posted detailed comment grey black phone fire red great color
1579,world better garbage theatre today
1580,unfortunately cover girl example hollywood used exploit woman financial gain
1581,scene ohsomature neighbourgirl misplace
1582,result film dont look right
1583,used dirty
1584,even good camp value
1585,couldnt use unit sunglass good texas
1586,instruction didnt explain microphone jack could used
1587,perfect sitdown family meal get together friend
1588,received headset good time wa happy
1589,highly entertaining angle
1590,doesnt work
1591,well wouldve given godfather zero star possible
1592,phenomenal food service ambiance
1593,hour half waste time following bunch pretty high schoolers whine cry life
1594,frog phone charm adorable eye catching
1595,despite hard rate business actually rare give star
1596,good stuff price
1597,true shakespear must shakespear fan
1598,service wa good company wa better
1599,must say taped episode find watching
1600,love decor chinese calligraphy wall paper
1601,started tuna sashimi wa brownish color obviously wasnt fresh
1602,excellent new restaurant experienced frenchman
1603,overall wa impressed would go back
1604,managed bend leaf spring back place metal ha enough stress break next drop
1605,disappointing thing wa wa speakerphone
1606,good servicecheck
1607,chain im fan beat place easily
1608,staff super nice quick even crazy crowd downtown jury lawyer court staff
1609,received white colored battery go dead couple hoursthe original used last week still last longer thereplacement
1610,thumb seller
1611,reception ha generally good
1612,favor stay away dish
1613,recommend igo anyone different brand cell phone mp player family
1614,tried unit failed within month pro
1615,menu much good stuff could decide
1616,great headset impressed h
1617,chinese forgery abound
1618,arrived quickly much le expensive others sold
1619,worst sushi ever eat besides costcos
1620,perfect someone like beer ice cold case even colder
1621,also enough hypocrisy film make vomit
1622,didnt realize wonderful short really last two scene
1623,unreliable im giving
1624,ribeye steak wa cooked perfectly great mesquite flavor
1625,shot southern california desert using patent faux documentary style watkins creates film like
1626,dont
1627,lame would best way describe
1628,total letdown would much rather go camelback flower shop cartel coffee
1629,wear everyday hold well
1630,place disgusting
1631,worked perfectly
1632,perhaps phone defective people hear use
1633,wa warm feeling service felt like guest special treat
1634,regular toasted bread wa equally satisfying occasional pat butter mmmm
1635,well made fit surefire gx perfectly
1636,atmosphere fun
1637,happened next wa prettyoff putting
1638,left theater lilt step joy heart hope human race
1639,crisp clear
1640,refried bean came meal dried crusty food wa bland
1641,construction headset poor
1642,nothing authentic place
1643,way plug u unless go converter
1644,battery run quickly
1645,color even prettier thought would graphic incredibly sharp
1646,waitress friendly
1647,im using iriver spinn case fit fine
1648,disappointing
1649,interesting part town place amazing
1650,hated
1651,mature subtle script suggests occasionally brings dramatic focus underlying tension well served perfect performance apart odd inappropriate smiling keira knightley prone though perhaps direction time character often mention
1652,go far many place ive never seen restaurant serf egg breakfast especially
1653,story also funny poignant time
1654,good case excellent value
1655,phone also take great picture even video clip
1656,jabra eargels fit ear well
1657,ample portion good price
1658,baby owl adorable
1659,great food awesome service
1660,good going review place twice hereas tribute place tribute event held last night
1661,id advise anyone go see
1662,went lunch service wa slow
1663,im sorry really cant recommend anyone
1664,unless youre visually collect extant film austen work skip one
1665,arguing verizon regarding dropped call returned phone two day
1666,love device
1667,film dialogue natural real life
1668,fella got huevos rancheros didnt look appealing
1669,get incredibly fresh fish prepared care
1670,several time past experience ha always great
1671,buck head really expect better food
1672,applause given prelude however
1673,lunch great experience
1674,poor quality
1675,disappointment hate anything go ear
1676,great pizza salad
1677,really like crepe station
1678,look sharp screen nice clear great graphic
1679,fat computer geek wa unbelievable bible thumper badass girl actor
1680,cashier care ever say still ended wayyy overpriced
1681,overall psyched phone ha appointment contact get great reception
1682,every thing phone work perfectly like
1683,delicious nyc bagel good selection cream cheese real lox caper even
1684,asked bill leave without eating didnt bring either
1685,im trying return refund
1686,reading please dont go
1687,wasnt busy know
1688,month worked flawlessly far
1689,comfortable hand
1690,certainly mean distinction good way
1691,love headset
1692,sat right time server get go wa fantastic
1693,fly wa apple juice fly
1694,worst ever
1695,simply excuse something poorly done
1696,food par dennys say good
1697,youre familiar check
1698,every time opened mouth expect hear see kid pulling plug wa mercy killing horrible show
1699,phone get extremely hot
1700,dont waste one
1701,item received wa counterfeit
1702,waited thirty minute seated although vacant table folk waiting
1703,love headset jabra bluetooth headset great reception good ear piece comfortable fit
1704,three different occasion asked well done medium well three time got bloodiest piece meat plate
1705,great software motorolas
1706,ha great camera thats mp pic nice clear great picture quality
1707,ill looking new earpiece
1708,certainly comfortable functionality decent
1709,comfortable fit need headset comfortable least hour time entire day
1710,seafood wa fresh generous portion
1711,yet run new battery two bar thats three day without charging
1712,make easier keep bluetooth im wearing
1713,complaint standard sound volume little low even turned
1714,impressed
1715,summer dine charming outdoor patio delightful
1716,say dessert yummy
1717,nothing short magnificent photography cinematography film
1718,wa uneasy bad movie wa scared
1719,food wa average best
1720,work described
1721,dont recommend unless car break front starving
1722,adorable seeing mickey playing turkey straw highly imaginative occasionally cruel way
1723,great place eat reminds little mom pop shop san francisco bay area
1724,say bye bye tip lady
1725,food arrived quickly
1726,looking good quality motorola headset keep looking isnt
1727,share general loewenhielms exquisite joy partaking cailles en sarcophage even though watching movie wish small sample savor
1728,price reasonable service great
1729,movie ha cutting edge
1730,excellent wallet type phone case
1731,uncomfortable sound quality quite poor compared phone razr previous wired headset plugged lg
1732,server wa super nice checked u many time
1733,friend loved salmon tartar
1734,acting wa bad dialog extremely shallow insincere
1735,used several phone two year one best
1736,writer gorman bechard undoubtedly homework reference industry characterage appropriate
1737,best ive found far ive tried bluetooths one ha best quality listener well ease using
1738,bad fit way big
1739,little device ha transformed organizational capability made life whole lot easier
1740,got sitting fairly fast ended waiting minute place order another minute food arrived
1741,horrible tick sound background call never experienced
1742,omg food wa delicioso
1743,also great see renowned silent screenwriter france marion hasnt missed step going silent sound
1744,never come
1745,also great directing photography
1746,design flaw
1747,plot storyline
1748,protects phone side
1749,ripped banana wa ripped petrified tasteless
1750,think restaurant suffers trying hard enough
1751,work
1752,total brunch fail
1753,wouldnt see movie free
1754,feature outlandish array memorable psychotic lovable nut
1755,performed awful muffled tinny incoming sound severe echo end call
1756,honest unbelievable nonsense foolish
1757,join club get awesome offer via email
